Epoch,Train Loss,Valid Loss
1,0.8561747476972382,0.8397209060688814
2,0.810682292231198,0.7999805609385172
3,0.7986460710393971,0.7934775915410783
