Epoch,Train Loss,Valid Loss
1,0.8496504014935987,0.848350439634588
2,0.8149153898502218,0.8100837390455935
3,0.8109836800345059,0.7982581009467443
